,0
0,kFWOpLcoDh0Wgqp1Cn_2fjBaWpCSkQycPffBN43--e7B1aQb
1,DHAkvCTJcyHAuJYxpdyEOR2nUSl6IllUjdYY0CknYgKCvlKb
2,5ZQp2rKYI8U8l0kMKf03X3CLNLcTTrul4uTCPA30T5qsiivY
3,SJwLp5ZzFbdE9Qk-JTnA7M7XJkYC2vwBAdZVGnr1CTUOzkQD
4,COsscwJOMu4KJ9w5X7ubFTEkTx2CoEcLX1-iWp1nmISs8OYi
5,7wkNTBZYWSSE0c8emC2MnQHF0HcOOMVef_ALtAw1Ptd-x_qJ
6,Y-b-RCF_7Ac9Sj2w1E6PsXYRG-bzzbixVwR_BhujzpqxHFGv
7,8Ak9fRTxJIlLFzHcHOcAHcu2nmi4_hPPnOaxyWaA7tGq5wJF
8,AUjmnNPG7sDy56ZLJ_7ygi2x1Zd-cpm7EzTnPQNbwnNv_b7-
9,tOsXFiHA4tfaD2h94NdM8PWUrXipZzg9bx6uwiMI5S1m0H9M
10,bDkG2Go8VM5_TlvH5dFFPIamqJEjfMlkpJU35vY2Z68T7Qdb
11,gaN0uoqZD_V4EPxRQyGblIW4Ec2ua0yFK0K00fvEAIKdI5cr
12,DrFqaGQ6_naHJy-4w76oBtw6K7OKbvas2hjg1GZZ6tmEdprL
13,bkS6bi7C1KmfmNpukHK-gbZrrDamuX0rscnlJNUYoe_FKhav
14,TEPM4eyYB9MhBYLQN07jFk45b8u4dCay8Nt6P6ztdJzg6T_V
15,hPyzpXW0IGr7fBeaadYAFxdpDcGjyh1Ts8XchkY25dAy81Eu
16,7cP5ghRcp2oLeGiMy2laF3G6BiG3yCbx6OvSWb7dHSGG77Rf
17,G2Si-Snlz6uiRQofDmMZC2AEttfBUU0JKKxayqQldh-KKN0d
18,R4mi--BYpRLuxHbvRw33-4x4-MChxYWIke4soHWuuKeriuMq
19,wnyY3ReubC7Q6TmhaDARubqf9n9IYhr04Iolx1Ze1d6jzv3a
20,duL41GfwCCNgoLIegIrrLHaCLzV-rePsp1OBI9CmwH9a_7QE
21,VM3CycXhIt_8Bog2fwuZkZaBa7gZVbdFhWs5K-lHtPi2i3OT
22,COfMALwW4QvZU0GCTYaYmsefBBlG_sYw73AgEJhRUXD8hCjr
23,kbxxBd8zKvPIqjpi51fhvWxl4Ozu8064Seg6bIuEHyRezHxi
24,bDoBjWbkwQ6gPWXE3x7kpZFG-9ibpmC8LvKAQYrC4-EKompt
25,ASSxBEliIx4PkERZvHPP59TGKDWaHx-5C_2XRcJQmfxYvP54
26,8fXMLcMt28oXovKj4Nbv7_L3U4WgJ_pnaW99bB8uJafNhpWq
27,cnzTpBmgcnGK5eoyLKvoq6p22fZHXGayPg4gny-1ntQ_jTp_
28,nMy38OEjmndpCYpZWFtPo6QDHfHBYn-A4JUS67tL4B7KmVhT
29,9nzI2JK_1TWiLDDsZz8B_jpw3PD9HxzJQgOksEbXSG3XROQG
30,tPnVS48B_veZYVTWyEN6w1CBHFKbDwXczFdETiRq-wDoBrz0
31,8AT8ULDWBNGMVte5druxF9E0pnw7-FUEz01iodceSmvKoHPw
32,VXwU0wnJKRKWdaeNTzjajksF5REmQ-zbYo2oArD6YfBUR17Y
33,0SHouMGE1HhyHKZvAML5kXimKkz8L9jbpK882iylom8t1HZv
34,wLeE51Va0QZKOfW3QHVyfli2hpEdXMeHqIS08xnk5l-2Tu3K
35,TlgZp8W8vFbYY9_VfWm16HxYuqtWlO2GDd2epLq02v3zrRly
36,7gh7J9hDjqW0uJqD0HwDLUBR1K0neNq0YCTp6vd-yWmAPgmO
37,cxociKoUo1pFeF9-U3eW9GRARkdVEbF0mSnx05kVS8IrEthU
38,FQnQlq5ZOBd0ph5_kW7FpNm6SDnCEIOHepXqsW39Vkom_LmL
39,O4lwLGIG2nM7gXVlgnkY3dTMVA2UUZswcT1kyJOCVCFf5sR0
40,f9PnClEb4MpMo2DPIJQGRg41JOtQRbhlH-2CHXa0YJSpDP7O
41,s7dCiv46EMzKrW8ODjGFSffky1FGQUyGIsxlFVYLHG0Du4dF
42,YjjXaHDkCTWkF-u4hscrRUvlS9XPUfakJ0M_QqWsNAyYQ96W
43,W6BMhAwt2xJ-Dt9nE5KAhkzI7Bi26fTKuPnwRiz6YIZJb7C1
44,0Yc6XpI1-lbiaL5RnM26gA-LMJLLCsr55dTZ7j3Coi2lyR_t
45,AEqPTZmp5c85A7PR1O_tQcQDe7RXLqaCbL2OurQPXhc2GEVM
46,Pk25k0csh0RVqS5MXuj4v6-DPX-UtFIwUpGqVSp8GN0eH8QU
47,4LCIzPrKtqDGc8Scn_qMBexyRG13Mgtbc7TloJKzsf_KnPW2
48,Ez69xXGW1kAfQr2JDnA-4zSjcQAYuZMNPOttVrK7hK8qVW_S
49,0zQdGBd8XQgAe_IiVuiNPUd6Ndo4iiwvv063ghpSJO6LZUGQ
50,CqR-sqV0vxVyMF0rgRaW3oFmZf_Z18ePTSAL9TTaxL48J6pQ
51,3FcQBwGx-OXxJmokoOpa4rsLgrY-H7vJ3faY6pg0IwM8hjQI
52,caVFwaFRAdcAYQYD0P6SgOydL2rgOWjTAtkh0HBIse5zGhKD
53,c_g97TUr-6RNG4gBQOLuZeEAGEvHw_F1jiMBiazsXEl93PSO
54,qqzPJUoWc0f9PwAiL1x57TUiA9lH9oUINemos_AJ_IG8xIbP
55,P08PM_NcLcAAs9C3RZgNpzIA_FBHH0Dc9RbN5b_NMc6QdJG6
56,-PAEMqPgjn2W6Af3h57GZqKL0SIMsRvMqjbIydHtewDMZ8qe
57,IwdBnzKnpA-wlWqXdJNV1U9513LXgLACts_mvl8X-eZQiaRJ
58,F7JA-IZOpf8oqHAoOEadSUZ2CqdaImMLuoyBRoVGgNPXJ8-9
59,aXgnkiCzW-QbA_X5lMSHyWV1v5azdLPLirjHnRuBQ2kiIYa2
60,P0dVDVMN-8fc-5J4g8XhUFUS7eWvIW6HACvzvKQqvTD7uSVk
61,p-vMcCW9cy-rwx9Ow95aotaKZ-1YIRbbfdYhcP9URClGuC6D
62,XCkBmxFdOi5Dcz0b7S1HEkdwwcngQssVNk5KI7a4Ttnb2btW
63,DAOgw2TULdw0ZgPKzNkFe8saMh1axvGT5BrzNZgMdOL6MK-X
64,5PrzLYlYFOvrZTdsq9HrFQo2fAp418rG-jqe_j5rVILJfBD_
65,hL8ArIJD7DETcFfGTOiEF0dczoUQpBDme_HEYVOd4vh8WcQa
66,lh_J-ti2FTNXPpFtyh1cwDuqKblPkPoyboO6X6ML8O3k1h2b
67,IThf9nkyMeguYq0_TWd8nPuYVhtSbmCdhqOARg9kcsn5PwHo
68,cOq_Pi7mO5KBc7xb8iQQvT96JDn3rP4lynF32RF8ZEOGGFSv
69,uTLc_ghTmLP4uIlWWt2GcvIqHa5dENarEFPbMdw_gpekP1xr
70,GBwf_9HDJjy_qzSXsUVxizgVO9305nrVbt03P1Th0gtuJnOv
71,5dlLa5fjFYBboVU_KehK01US1XqSq8ibkqOuvW3hC9unslQA
72,BrTOfySTMRCcDXR11H3prKqPvh1z2MEq5UuI2OR4zkY91YYp
73,e3NPDYvYfJ_zHPLjvSQp7lna5XPOxDWUiG04bpPHG7oRQRgz
74,eaC38IgDriEVcGgjOjLAiP82cuRNVGGDlA8QU50i4bnB4nhB
75,kbyugHWHSQzSySonhZy_KL5eIEB7d0bR9iRpX_7U6gknjwVK
76,qhyRCXNgtJZHq2jjWj3YFEIkiqYx3Bjn5ewU62rDJh049x2q
77,umbA1amvE0oEzcclI6r_iyuee47wKSKUY9aMH-kMo8-v9jUH
78,s_frejUXZUDtuw1Qkab5x12BDm87DE065No8S6ZwzYSlZBGC
79,hM_2Usyc9sa_nl5UeTFf90bCUn_TSaaFrxeaZ4qDeNHldDha
80,6kIIpsKaPnpA7kjZ1jPpdXG7fc8UpdwlA3KfzgfT63p1nDKn
81,MV_o9AxcfApKzmvtAW1qreC0RyAbwj6eDisqBwgp2uRdvLFB
82,SWVOT5n1Rjd93pKUu7GxGikcAIGgDmo_ULMefBeloZ2XJqUh
83,whhJDcV-_GhKjHtcu3wtqT5IvoZK-8tE3d9JYjFf0pFdZ3US
84,GjXDtCB61Rnp5jzS7UJdJBWe2r1YcWBWW1WLNClUyj63IHSZ
85,odOcdxfT0wITtpdcwamffcYr-SuIO30Rr3H8K59Fa1J-60kM
86,42oqbnaRjnTlVJtru-Dl4pwGzVTDv8ogcM_aNsb8aKb4Hza8
87,ccUBi3FmeROGgvtgiZOK5msdU-V6eeW88FOxk37iuTEmpAB-
88,CjcbMmnZXWVV9KxMj23Nc9GsIUDnSqtohnZYx7zfpVM46u0S
89,EESaRSxtnJkNSvWsU0y50LdezPVTEXF4jyMOSNZQu6o0rj9U
90,IfKeN_O4phtDeDEzcwuey1pLpPEziRtMgbg3b5s0HrJqCt67
91,urbboo3O8La18yetgu8U-9YnXUBDC_PmLhcIY8DaSB-8C6yQ
92,cOu131sz6huWNIFS-DdkVp0YH-MzX8kNDSdpBrmuS6pe4Ou5
93,rlX8IJUVhmhWcxZPc_dZu3APNY_-r75F26GDdYutId2wpRDq
94,-CdMNiEj5MnygUpNphMprmBHm5zuWgBKhLEzdGAyaZpSubkX
95,YifRGTfgl4ngtlKqzlIVbVc-x0Io9S2V0qfV-fYGuXESYD6N
96,SJMFQJ9sac-09V_hsQceytfer-URXH4wj3IqAficKgolfoGB
97,x6vg2uq172yF7HZY3b6292aUNucEj434u9V6VjRmLTmxJBwa
98,wXGpDMbCBVEQ1iPFijXIz9m6_0cs8gvWkOst3ZN38uNveyKa
99,K2j64HqW9Ae1F1xNmZ6HSGlLimCHfpdSQMEgzelnHWOTCAKB
100,vBrYfjxI-dF_QLzo6JnZfJCIBs02iRWw2iJUqPOjVjCCWNRb
101,FnD2a0aJWOcHPBV8w3cdqi6YvzogT9doIfSIMXCQ5VpZTnFO
102,u2eibqNteKBYjWUv_-jJMVvJjB1r-eGIbfIm0sfJHZs7kpdb
103,UiE71rsSLW4gk1zRywJzGVrNqzyyrIZ5g_7qlUPNDQtUw-bF
104,Wcxw4k_Aaaw549M6x3dW2buLrorUk_6ugaawxdPN83bALH0d
105,Np3begMhz4WDc93N22Ey1V1amNekMdKeMdWeiEguw3YZY8ud
106,AbMJ7Rei5_LIopONvUin9lI7lf1Cif6rF17JdsS_Ay7zJbeO
107,VniKKf_4s831TazpNDBGwwptKZcgcPiU8uG9Yv3can_hV4e-
108,YAty9h59chiLU1W5MNRA00S3thHeGLsy-NvxHcAalDtLUHlz
109,IlWBlxM19o5e5SqzK36vV1aYEy9m6npe9HruHvgkCQvGgsRi
110,51MLquetfZMtj0vHs9PqElr_A_WSuyCBhZhF3AwvQ3U1Onok
111,bJcrHaluldDpchDkKcrZX0JgwSBiVCPvXmAxpFB00-N5nsS4
112,3iS5u6uqaZcyO7YqaQLq2rxOt3iXsaBF1ifG4PyrxNdG19q6
113,3p7idVPxUwob9gQltkRmzrJRPW12RME5u8f_ZMgmhVHpOrTY
114,P7RSCvhiu3DTzG0X-a-kfM1U8DSISNnZYP8Szz9HtVi8vRHN
115,1zOMkKc5MVxCLOHyrjesaBLkhGvWI-f6PqMeZZIFPxbpUtv1
116,EAN36RtWDBaFk-2A-J3CDio4dn7i-0NYTTzwLKAg4IYcn5L7
117,r5cYwVGX0Dg7n4Ew-QtJxiPSHUz3tJQGaRasG7VZeVkOhaow
118,-cOkDyZCSSziXPDJlI0LKD76rpoWoXuFaEPl3-OsqbQ1-rBZ
119,HJ8fZswvk-TDPUo7zbOQ8duJOeW2jjEtD6FACOsRUyMYZz8v
120,qskgxhX-AfmL2QpA8fwmbJ2Ep8Jeiq7mGezSrNg6NIZ0csB6
121,Vxri2c3X5p8pw-dJHHwJoyWQ-JRhcSTWdt6c18ZMFTEsCpCI
122,Xzg-aarfHz2-F3bQosWoKIQojWyiLkEItVWqDTqXCzko30fs
123,mDWxM_qmChVfodOE06Bmbs8RjfgdE6TwSeJRk5i0TjpYvXHY
124,BG9btRlTlH7e9fHCqzCrCinzymlnORmISuUgvQCqaqwL9roz
125,18N7he7UB1r3iRtepCf76q0Xvc-ipJUJpmmuXXOQYeXSLIoV
126,KPTvtL30UDfRRBTkyVg1lRhJZg0HJ6zjeOciRY0cZFzHhh5H
127,dqz34gfR3RrzxQ1_eAVVdtkRQEocfSNAnCs71rsI7Fxmnjws
128,zZhsbOvahs6YTzfMS-i4LXbSoOzUJ7uE_6LW57DnPgoDgZCa
129,RBtzumjKKRv_pBVcVMyCQvVY_ocsNd8Dc8GEuwDlbZRUwU77
130,uf89NZ_W9Mft5IxMFxEJHeTWjy0yGw2Qysd6UMa0ijDsDtpX
131,n4rXuO_G_Se0DkyRqUPfw1Mko3-xrppIXciR9gI4qYtxx3aq
132,W57huTVS0_Sh7HJ8O9BCh8SPd14cshEm4nNTWO_r8mzqtknF
133,bn1nF3eKUEeGqiaGqk2hHp7OPsP3PtUWKXbKGAkPaFz7iWKy
134,MBZWlYmnVoREur_FWaE0VEQKgy_C_9iMyMgMMBNpvdMa9kBR
135,7W-j-t_bV4xPGK_t9ladg-pufy3uY1ymHa2Akk3nRlvUeDF5
136,NaaDNpmyl7axjEco85WsMZw7anxnPC8UW_c5djQwlU4CeyCX
137,uIYal4pBwPT5ezPe1QomKV7J_0Xk6BZJzr_DXccPqWMFNQuV
138,ztaJGYzfEN3HHdr7P-cFkF9WgS6wKBG0MFcoIQKVUYCki13Q
139,rUPaV0uPwyrpRWyMi6FLB-6mIkAK6Fo7CQ3e9gvoulS7b9Gk
140,hlXaKKG-gTxxRNVai98COfMm1h6lJK2z9pMjROqkQO9X5yie
141,9uTELG4vPzTqipI8Ls-E2oR4980HXDRLf4v2dAJGmgswXdgr
142,79avPDa9A_8rYmuMQ3blD7s9yuS2ts1rAstFPhttbI1jPY4q
143,4f0WZFHpfKPiqMmUiCxM1UyVhzxSAsQuYNBvcoTgJshlpsLC
144,Y3Ak-ltvxD8arLy8HHIBUMprDhlxJ0Vveq48T4tML48VEEvd
145,RWN5ppl-GSQFwkn-UtRE7ztBuuze7xIN0vHdJCupl8VKPxDw
146,SGKdy2p3CI3GXSrmtv0x8mD9QcNaHrzL9hg9Tt8IyzpaZcNf
147,sXibjHIR4JOKUP4Z6qYNqvO21ttyHdRlsq1GfGkY3l3oI-46
148,I8VC65i-uz6VgXC6dhC4H3pilg-Q10kgQtM7ri8qwcEJVIT5
149,dJSGcOkN1q_170b6H9kQ9-oa0vJibTMNIae-1n2g1G-2DvL_
150,Jrnrbhuu2Qsy4ARDi34XRievXIf6yglJz_zMRIyXla3tkqhI
151,Gaby2Z3b0EAOz7-263Y2sv25QbeqT9JyGOqY6Xya7aFFJvOh
152,5xEeRiI93q20YUSWdKpUqq1JjD61cNpnVXpz1Zn04-7C2kRK
153,NHQxkuaT1zIAyUCiXnQcfm8JDX9HO7TcrTRTLroTsdvecV7K
154,FRaT0Gz9uWRXFMN7gVzleiUEJARhSlIkKxkcbJmGueQ_O2g1
155,Ywgs3qaBR_hRBfnO_pSfQgLTe8R_q5yp_v2l5XIC6x9cseS2
156,6B09hqraEhSItJEGz-LxvXamUh4A13bdq7KwZzHSHdwHYUMB
157,q3z7efAIF_b9yqZee_kdetmV6y2lWeD4NiUpSqds95OYqpqd
158,exbthSMxyVUif8BU2HJfTMvtEEWA3TOkTovZ-QOHGHnaFndL
159,q_YG29K86OfYUNzGBkkj5Z3OCk9NHY1k-8D-Dl96iG-7dT13
160,CZqHzWinCZZ4MncHtiR_4j_KFSJ8eXz7Qmav5WVK47lFyu_w
161,h7u__kDeOi_sRT9q89ePufWcdPO4dLt-iVeYrfPAdLN8
162,8oXHW_QWaB9Dwjw7P15JU06Tx3jhZtUiWLMZwu1k-w-nreah
163,XeIOpcDwU5RKV9g8QJ90nEOgZF3GwsAlROjwW7CiTOvDCSuk
164,I1po5MlXcP0D7sa2k6Fp3NS1A7FbEM0CRbXLjteoGlaWqjoV
165,7NEHOME8znUZ-lNb_kElYkoJlLOiLneoadmdI0HQTMT5I4me
166,ym4WN_20zuxi2-sczfhV-6pYLpdep4r58_EO_ymLvsX4US1A
167,OPxiJwHYafOzZY832AQO3ozCDogjcsNw2tLkqXvX5IMfFMSx
168,pV-sIPYP32aE43ThIj-3N44wkMiPwFIPkDnjCsiuzaeb8lrp
169,TZJoERA9Yo2bUP7a5SACAi4VrjSUSOiOT_Ig4SAihbC6mGqq
170,RSxk4UjgDBItOqFZr23uj2Pkytc4I4x6g9Y9bBlv0zmvEHCW
171,dgOfi4U8ZyEoyXmMyEgIdSM38Eqy1-Mq43uO_O0_w4bEYR-K
172,s6aW6ma0jvCSvOPKJ0MZvGYo9WF1U7bz3ZSPod_ajmNguifn
173,XrxLKvm_YSgsbhwfvfMyIqsxaR5BOvym0FRpj0Zznuce8qQg
174,XXYnNNbasXUhkuiSibi-KcJQ9TECbOfX7o5JQTZxhNuqx5b1
175,OmXXfJJrbJ8fPG9maWRARJlaMX43k000JgPUiPBO18aP91Uq
176,7-OoqPglKzuSoPlnyTWPukCSuM9IBMNk5kJNAE8REcfw1Cvw
177,YW1iBS00j-7KOQwlp6c-MqTUVOtd5djM5gDoLB7UauXWmdNZ
178,ZBtLQck9RCM97J4lmwBTyISAvhQz4pO717RaklqkK8R2BXc0
179,6BSoLV7yvtG953DGwp5LD2rBSDuyOMiisxJAz3C6cN6324iO
180,I7yq0NxCPcN9NmW9Z5Nh8VbfyKIzmcbFBO39wPGqP0ZffDeI
181,okEKyv0uRbmL-2X-sXJTJ8QZYI335GSc_e5x2qFiTZCuhTGO
182,dHsExQw7SHGWtxsa7GuTVE4lOvirmq0a63f2Z2Xo71zVd_Fy
183,B15VagMUUkgzcxIUuAv9Yix1di_pGYyafS8a42qYBI5TG5ob
184,875GKgpKzq4laCpayy59Nv-iKi0xmzQuC6npRDDrUBL9jCm5
185,iRsEb_CmtFa1oGSTcMSMmb1R8yVxvhxICd7dye0rcG7pbbvg
186,ndR5SPofl3PrfY_sABuY_gSvqDNyJixit0WbJxX_5NKwsh6d
187,agNUt3d55wvnUOD1rmmBWBZe9F3cOSLeto8v9XIuyOEGnkwt
188,-jnJqwKoJZyJp2eZWkh-MzG81tfM3TUDfU1LIX2FGKGE-k5w
189,1V7NpcLRWNQqHfGjM_93Oh0zwTKyDSyqjEloALMTh2k7-aF4
190,-CKu6WfmRyERbfWPKeZZXiSUEZSTRMQCCutWf4OOnw4F4KLV
191,XmwNA_ZaAlY6SVee0qw60ntIDlgCbxXsCiIrNvtJ-K7iiEjy
192,_HYacmzt7bBjKD2QAjv7oM8FFqAT98wWMBVhjvYRXyhBMl_d
193,PlBqNGFlHgQN8gBqlEID7LhD-x97NM2yoYCE8pPi5kpwz8Qg
194,0J9oGYnVnfbcD31HOtvDhUSxy5qs2jte9BVo8R9qxFX7TtR1
195,unN41ffJqs1PF5pVSWI3ezeJ16eIsRNcsJ13fBiq3cK5owT2
196,YeTNdDUQPR-4rK5wjOu19VcCLTdks6fZYKnspfKAKkzHzLxJ
197,44HbMmEkxKVCYWPbr9QndDc0KyfsFaIozOlj9PWAN1X6Em9s
198,Vo9AHBUJvB7EXahRETUXKyWTEItDCF1ZpynC_UGpZO89h7UY
199,xHkdmKWTUKP1GMvkLSOPCUe7ZHUvv2jD2HwKqwnL5QF_IS2t
200,-i6Cb1QXXGL7pwUTJL8WqSwOqPY1PP9R6DugOYLeQp8AhYS2
201,vRjus_BfuL38vOn6HglG87j6I-72A_AdnelT64UitQP0dHPZ
202,vNlPwfw81C9cC6z1DGn2AJDNXoS3lfATsw4favUZIfsyTjWy
203,AsFmo_N_rS9Ij02P4sb2rAeLHKBmW8t-S1PWhdTOQILC_39b
204,8tygVQO63N_q3f1kLxrhz-xJ0QqMYXPOpIZVJi8XIpMxpb7t
205,toCg4h53V77eHlknwDjaiE8W5wnBO4SsxZUoaYUMzQHr226H
206,-zApK3kKCVRbqQlfCGvuqJwQ0aloGueF0kZdFzp6AgzhiKV9
207,zaN9-UE_RZvRkxkP8JR7ol2CD0PXnL-ttqSsWgFfYQIOe-TU
208,8qRg3whyM8sEujl-mQBaqdYwwoGQ0dOPZhOXYsJ2bL3FyzAr
209,CZesim973bkRiczirc3NUnG3YJxkaWcPSXWQ0eC6JK6rckNi
210,UzO8Qbhuo-lKUCJGRBCZa9431dppJLfURE2e2yTMzIZ3chj1
211,nJaLFhlUkEOTBow7F202higuNBwWKFvtZow61rIQdgmPdJ15
212,PkpX3KBoUwHi5ZxmtLcIac4YSDHGUC7sL7P6sX0g7e3WO1fT
213,QGJtnzeeV7S5o61r1VeUmcAo3GZEtO-SVraKDS32D1F-SV2W
214,rqYH6AMbLPzPAqfsJPvc2u3yi3wP-yG4JBbYGbRIRd8w4Qhh
215,Fqtlw_ggw4JhL-zz-vn4mQ0r24WFLFbc-h81LROB4sI30DCe
216,tkmcSbeiIsHv06Im9uIVxHakq4Du5cMg8FqCuWWbNUqZqiPP
217,nLhtO9N0XlWj5HRRIutMHgwGgEOC5yszLH-nGYyDQ-QwiNVm
218,vl_7Z5F41B7hakAO6etnadMSnvLPjXBJVcsryCq_AOn3DlM2
219,40lYMn3BhiWr6SqXKJSKrqsZB7_ROykOksM3jcy_h7_JvEcZ
220,j5yZe5E2B4UtcVwJXCp-GgGRJo7nnOA78K2rMY8rn6Za60UB
221,Redcga5ZV_VirtwUPqrTMxa2VsNbEmXvp9kEmDvL0Jvg8v-z
222,k4fnz-oCQTbwmp-H6jgNR1ZRmo0aVPzrGKKMSbFpOvLggOSG
223,k9doGnAduIONl2Q1xWP9Hk7nkoBNCoec7mpCX1CLoT9zuJeT
224,bFqgvYjFylMYQ4WGvqTQkA-NhlfSLh7ohmtgRP_3Zwos0W_O
225,DygsLwlkovVWJSeU_sYed_t6x_y9OfkeA3_aZ4kZGZ0xLxPo
226,wv6S8CKRU6YF-VkGHPTcNJQcZbnOotwjXvrBlq08bwDLzWr9
227,Te0ohqz6o6th1LtK87YLYDABf5H4KkTJ_97LEu4Wrgk6DsJ6
228,5c0rxoB_5cFCNsf39Pp9kpo5bhAnbG_fI6skEGMO41pGMeE_
229,g9gl6xqISXn4FWcfj6jd0sqAlaRQCi9uo61thsN8WjDQQSjP
230,BvGQfPVuPh3IWthK-mljWTbB7URyqln1gwKpjQN0wgCxPczh
231,6cEw0K71MRPJguqDm9HeSkldLyPRQl6bmDMeMjNpxCgv6KOF
232,BFsGC5lHAU64EvESequMRl7MM4ckE9iyJNPu7hD-F99AMgzD
233,6BLbkGI6sxSoMk-nv-06UgZrSwWbzhKqU5FlLFXkrRs0zGWU
234,nJ2pfEnoiZCoNTKBTRbmyVPea83rp1fYrB64y9foUouQmJbY
235,uHVL4ZTj63pOhBkeOf5ulHzXq1j8XMcVxAMRAoZv5MzrgMdA
236,B34nagM4-iD3HyY8WDR88k_Ghj2WN-HkI_LxvL6436ihq6py
237,yqz6IRYqIdQGAGktgvauOMk8nfIUnhkSGJ2aR0nIml1nkUWg
238,012XbT5O6WC8vZUpp73Gnu_NH3vwlC2rrdX1HrkHnXxiLtpn
239,jrrwWNLoAEsUsiTKrgc8l7jhE8mZ4ll7qJK8J3H3ZUgl7r_L
240,yucZXWqskmBXRhw9XHfQQO2WFwq2jF1d-rgVofWNSp2LDBYc
241,vY3MPGF_TnlGN2TvgNKgKIVW9vdeeRR_kwrxhdvZ3OVL3AOz
242,BQV_oKjOQ5Hkr1FoJ-XWugOBVy_rZci14VCbT10Xf3wVU4pI
243,_HIKiGyc12hQ_hyKggQ0n_IscKqDjgiyEc0KnOIQJDCgjxIg
244,FrQ2Tom5-eEhtaeeIqILMKh3hyXsYzjZklJ_HsTvDm8rV-wC
245,uF1lUMdx9HEt2A2JJuQ-Eqw5-jsIH8eILuhAF231pxqe_jWi
246,7jl3TaWwfZd_ChDUOaDmwF9_KrbPYIGeq-ddkn9zkTvGdPZc
247,fj18t1c-SHAjHlPxOMEH1asrW8j0aGidGLgAGcxd_PA4-7n0
248,8ydc5ZuQrLoIZHrBxfyBbAb53CS3QnRxUvvWrKeO6jUbQ1QU
249,s76adEJRLUk1pv4DxuuLR0yBWFRKN8SdbGLGsTQIYZJI2YJ4
250,R_vobkpZkDTG_PetmSIaA5jvnjDxFOGXqYrz-iTPqbyySOSO
251,PyZLADwLLBtVulw8-7yhv9o4dwLqF6Lz3hTcrkxswT8J0oXZ
252,-3Zz0s-C1MfsVPTStfeDF8lbmx3IQBjebD66kjVKknuz329Q
253,hBT7rvAeXKUQJS5GLkOBnkcsuV1Fb45PUbEUzql8oqo_1wXc
254,XdT3PMztX07svk3pcNtio55Ba6xIU36VVSkycyyvB6Z8iO5C
255,PKM_-8hvqmCyoCRpAVkoukWHqO0LalrrRS7-QE1tKJZEHNqL
256,lCa3tNrhWRqYLwv9j3stwpZ9K5Nj5t09ewtuYETkpdL3nvre
257,NUQK8BwkaEFlCHlrV6S3ohyDB0EtTZDs1sdafxfR_H9OuFc1
258,wIxHaYtrjqTZTKo-ok64NGZ42HqmRUaCeqTRK3WDE7xxunoY
259,hqqH7VufMatMFMkUn39mAh628ljLdinkohI5j58IkNRY-eh0
260,0zaimrzmFrVVc1rl1uTZkGFh2STYK_CNCzfsUCDhQOwdbSeh
261,9FG49ozwsf1OOdHoiTv6RpMWnrobAxTHj8sfv_rPz4Eygekm
262,kIOKd9EN22iBYCurfPjrYbDCkbHNruOUSHtICwA3bmluTOFg
263,BK3iSHRfIEj5rB303zxSmpaYhzwb75hliSQSfHGjEujxeyLY
264,Y1U-ArmxH1w6slf8_x2EolJuc0xCe5JSepK77jq_i2fOr1QB
265,OjqecM1N0nvMTWn0C2SWE2I6Ge33J4LWUHzUwQvHbm8QWew6
266,gMpZavPcu3xuPauVvVQgYSqgOhADeCUwj0cQ5TjFDB_rw4qJ
267,4nmO51OBOz_2WeK8X4fjuAWa6Qo5I5Rlxvz3F_B_sz8Zb1Ep
268,EbXOyirTvf380Ihk0hjbogVOrvkLfwJJudcHxbprjExEUCSk
269,PahJBsm6pKdDSCWN-CzQxKd-ki9o_q6X4Bj7C6dUwyH-KjOv
270,JIftb7RcrjSDeBOdaDLeq2rJ0qjJMGlvUJBao0L6VH44dL7R
271,snqXGT_RhFVv7-GJaghB9wHOWSx8JLzl7B33YCjJ2ZJ_lvMh
272,MfOK5D37CVOieWJHiocFVADRwRpi7zwysHPmI0HvoRO3LU6Z
273,by9Ii9LJ0FAppuZ9QQHwmJu85caJbnmkxJZ3YC5nxIV-K6tG
274,ciw7OePDh-Bd3Z8CY8AnHXqhNAOrBusx9b7nVH2XPTTzbSRj
275,YdV9KtT0gDrISaehrYhzUn5tlhZP7qW9y7DVn_yvbdbg3GVR
276,-5aDBRRBRAZLLB1GVRCABUvLDNc0TGccp0bzz_ABf_0IPcXh
277,EcRpiUJEbkSBOjtjyqjJXQuCQ3YgkAlt325bib9qjW1UmFao
278,WyMclbla9LhhFowvaoDrDFCBKnLQ3uFNJ5_dxtShYyWwKFK9
279,0qGhuyQZUqsanvXgVwqJhTZ4vlbYeaqDyXLKsWPzXV8wmNem
280,seIWOBr_hs1XPLeZjUnHuxQ2gCipBF0u2SdpsX0XN3K0BHI5
281,3KeT3RYGkbpLrq2JOEHgQ9UuivImA4pwGWpXSPyIVmTt1ZL7
282,43c99l6VtPIegqhj9zCA4J9n8Xknp5DMO2XXJ5pCxw8LHale
283,314pigG9vaC_3Bf7tDS9cXcCsm9alA9wlcW-1zFtXxbDJnnd
284,lRhAPC859kjGl-sZzEhxQ8XUkuhbEajjRTQ3Yv9raewrHyP3
285,MvDsRPhs5VyctwsVPk9sbrri0P33cASunU0xKt8H_A3foFgr
286,_7ag1w0dagA3WbYEYns5JcTLBEXwebBsVTZ2_vzaJksFDwaL
287,PO_VxFNcwtpjMkbqN-GiDuW9NGEInNShivgvdTcSUD7anT57
288,ywfkCsYogrfOkXhvkr4dwsAFOhzE7fIJn3fbdSPI7E60bMKR
289,lqRzkWZOng5D9X47TswZkQfSR90ETGo6DFCBxG8-CG-5YAD8
290,Dp2ZnURjJW7SnS8tfv1GQaNksXyOltYxbzt8N_aZCtFaHKPo
291,AL4LTlrMbaQzrr-xwYyK-H-AeWgJRWSQky6S1BmvnnTndnYt
292,W68mCutWSf3eetPp9gtXmsH2mIoITBJMLbYYuDmKVMwkN-TI
293,tJIoIygqHhN_AyyJSacl1CMgmxEBDBTegWdxDEwgGTDLNQrr
294,BOzgKJI9EBLWD1N17GfGrOsFJhtAeMOJXkfPWafqHVvUdwl0
295,JodwT7RMph0SeR6vvpu9g0MU9KVUySReEAj5k7YbQUoAAYg7
296,kp9a3WXeX1crQgddDQ6xgYv_LS8SYkhG6b9eR-r4soxkSmde
297,HL8PI64dJkmHzl_Ij25O5RMozS3I765e7rTZKC2fay_JIi7G
298,QAFdz79SwRjHQAu0417LrNqua13ZVRqD2uxfyokLszJQE5FK
299,kg8eer8FE8kZ9BzNTw6_dFyCwV2BFdmsphqwmkoAOD3ChWwo
300,8lZP4esgwvcx0CE7Gb7KiTDS49LLw_0q91IODKI-6_PhpsI3
301,P3xT6DLHETc_C1JDaqWhLPf_DRL5yt5D9WR5QPVIZv-9EpHT
302,B1jVTxeFRvD-0eXnc4kURkIwuJJ6CNBwFLsJbFjQk-DIkiP2
303,8htE5tVq1y3sPrNVs2oZQjicMkP49nI7Fb-uPS8BsUbJ_kCj
304,cIfBRrufmyu5vkWPZUBUgPXoTeGHpmtY1oJHvAIhRkGLKvr3
305,MIIhxof_euyxefDwyv807YTBw273tC07QKNP2khq_w01didb
306,mWnAS23YrI69waNh49znCyiDxIbXB2mP0rS8-Kk7gztreLNe
307,IMHXdPr7IA2ZSiIDl28rS4tTiGK5rfpkoUSy1BVTRGNRAGKA
308,WEnoN6ZZmrZmCO1uNIRjVfXfXNmroUAYazd636e5PDHt63bf
309,rM5p5WHiPPsnL8h4k3d2ETJpLSGNL75nL3N6OpabBw0miEZr
310,Rw5lRdxmnziaC37QnVN-2dLebxb5dEk4Dvw3pIeZBQYf0yjs
311,AFuJkYtHJYO1NT2lde715_0gQyBl9d5EUIkls7iwUktLPmav
312,U52kL9rhv36-8Al0f5XC7zGDlxY5AD4c9Vt-siYtb0OqWirK
313,29y7G98mc7sLfJe4I-XJt25BgDL3yYL8pdBfFd-zENYYXXGj
314,j5Op9P3z3DwePrEmrl9wOZR-OB4sHJi02aoKZkkRvvCfJ6r8
315,P_o_S2Id41liGDc5EV_QIsk7oU7ioFvDmXEBy6AjiUjMEAP4
316,1JCAIe9jvzz3fMqfEJedp8hSXtEB3IDb0uWJPaZw4ytlOSlC
317,IcsS4at5hP8Pbzf1gO28u0vOpL_w5a9p0FK0BxYS5-z3rCDv
318,66e7szcDBR8t0RvryUsF83ioWOQ0LDJYoPJ1-UkufZU0ZYSB
319,5OS0XVOE2hxvgNabGspg6XoriP1eMMk8gl9B0fX61kazjDqT
320,2l1ftH3Tb-neXnMR_RbZ1TJid1wp7xkJiNfqWyAYvPEoQZB1
321,aMhoZ7HJsycG-Wrd8tlXY5RbBeFznlGNR6GG22107ESuDT9C
322,whFdlJ2pK6kRika5yfjMmRmwNavtictOl4u_VHuocKHmtiKL
323,imHNlN3dqRdODrd1vEB5kIR6R2TPqUCorqZDqj7DNZSEM6RV
324,Z15E8VcgAIVCA9cJRp4_XwMPaQJkbEfch6fDUNSMk2bmmErN
325,E8EOFHPdCopebI-_JAZrpNZjCPUk30ZEIxKv47IgBvPxNavo
326,ZVkUg1EhlNJzTeEAVsskC5UXBEe8oTdRXOZz27CbwmdLIqcu
327,1qq1bDy7IC3jB2ScGg7pbDwH3yv82lzXbTql34aq92JAaTU9
328,JUjji1lwSHHDKNbLJntgn-578QDCeB2byyKrVa2yRcSW924W
329,SzHCH4RlM6Qs7aGbmvJqr0Stp4KCPK5t_H9EF27JrVFC2EP5
330,Mj4EyLHfTNlcAM-K-_9ERa6RXV82V63TkhkbccsnfhWoJV0Q
331,omwyPSNHoSqIh6O2kb57xrTXf87x3pzRVr3ahFuxUjwX-IPP
332,potd0241FmCH54KNmnJ4f0osabd33SShPoSze-1yHP8_2TDE
333,4W2KaDfy5Ks54nnwYiMY7beIFvsu3Qrw-z66m2_HprlstBnE
334,g7XbOEGjRizxxb0e9iz5Xtf44Gg22DSMSP1xID-x-NhEhsW2
335,Z_9vDfmbaBmSon0I6L0JcgWvrI-tItNKnKsXB33CNpCGDOpo
336,jYzaOIr_cTmP9sn_vOmWDBXH6C0yI-k8QJkWddPGDp1nifi_
337,OYSaRq0IJn86_mT4EELXa25oB0TpxoVa8VTXGRgqBZ7WsCOB
338,1mBzcg9KjK668faDdNXKDUT1FHEMB-Da0kakNSfxVNHgkYsP
339,hJSHTDNpKxoocB2AK-FAVC5KuDF60lB4fMIaBoHZBae114HF
340,biWNazbVSEWgYY0xSkEL722Ahnd7FXsavuW9JVGgGMw4MnqX
341,sJQHA5AKj5acqShD68N61vZpn7fduST-QNyN0mE7zN3N96hd
342,edGRpB13A_JVlQNsaceoSuzc4MfRI3IMZHeYzL7T-uUu-QGI
343,vUvlg6rfC3DDMKPQq4HzxDNyt7MDqWPL59uviFKHpV50JIkJ
344,EnPrUmyjT0EYLjrXaJxfppzUrq9wGDrbP7QnY6FiWrBKM53Y
345,aSOKKBfGIhBFL-SSBicBD5YoA5_TKk8wzIgMew9QndzvL4i2
346,XwDuw6lmGz73XBhRWJsBIhwpglgVVFzDSZCzzIoevgw-ogrb
347,SuTA-Qes95oAISSRSBlvHuUl7Wwh-C3XQ6hy36ytcwpvTZGQ
348,KUBoGAGLTjm5gooV5ysDPZ_klWHBs5SaRGzFiTrlMx7YfepV
349,aE1X6Qt1beBrkw-PtpKHR9ELd-x2p0mHBgusnk85d4BmVpQr
350,9-sWGnAE0SYL-VxOi8A5GJEZP_aPkHzq6fXTsCiJG0UTse-T
351,ph9pExoFI0NwlmscsjUl5jq9NRI8P8sQ1VnniCXtF-DvNg2-
352,d9YOjgaYv0wtjCh2ULJ6NKWy2u9iAixMAgdW7eoUR581B5NC
353,xAOCO77ilwUFHDDpFbjh-e6da2mtsHxmcqt00SKVuPz1c5-W
354,pUv_XEr7qSf85ZRiX7-3mRvP4necvX3rjHAG4WzO4QNbuh-W
355,WEKGJRcqroZTvEeeO4kU8txJRhDNhDRa3Z79YMbBHKEejbs7
356,uALIg4mVi0tdPODb5RPWwRyvH20t_I1W_VXgYipf-ysGHAHv
357,8hcc8gxDH0MvvZDSLaE1vjzTIXsKfyS555fVB9XlzvuyliRq
358,C_2zumfCJDW0iNYvPCQDziztcliv4wVdnXL-0XvpQVafIF2z
359,p0zKOjOosM3BXrO1Ct80eYD1Yc-j4YwxD0te8bsPDHHsfq7n
360,POpBjE1YijGGVu5TjNpyQkmk8TIEpZgJ7y9foIHFEl_nZgyk
361,Al54FzVSrebFz8ahD-lEInD23yuhcj7kBBWuYExua39FGAwn
362,1GLg4VcwZUJBNWAfQkDCrHQhQZgeuxHyNdxGDgl3ZFfA26Nr
363,thlzGeHXKinXTX5M39UEtHI9Dhv_bi-s1ttj2kLIGMZ-rF5N
364,38KsBkpIPlyWEkFc3Rn-dG9cjXO7rimrULhgBMbUnZ9mVyCG
365,f58paWY00gjeX-7K3IyXP-FUdf0OV06ro6sf6WXFwMwx6FuF
366,TTIdJ2rBkfsSvo5xplzQ2fPH81sYH-iHEk66NDQx-DpOCJWP
367,nYzMrERE6azn5tDCQn7v74kLDS8qTW9uvofXQTv_MI822mxC
368,Bo6VFZx8MeVUdYFwlfTPiKdbBpwGn6bmd_uK_w2i38jCRYh2
369,N-kRjTYAV54BWpQJUIAsxHe-3ZZLI7yPUOL5KVlCiZSydlu2
370,qAR3LSWjMnuf--w_sk8u8Oinz7eo6XaQ9GCpwvf5SbO9hbvN
371,bU2lhyevH5IoBtSb606aFWXsW0Kvyn1ZR8q6WKGosEfdR9vt
372,oYPgHInlqTHDe6ABNVfRY_W-h6tZY6WBDufRCEKzWWYfG6KE
373,db2GtPuWp7JI9t2RSonWRj5EnuSy8b1Xdd0nibmYIlFP073q
374,axyM1WHwx7Nx0FwlTQ6UR2yeHWRIaG_0Ffmwtma_NvBzIbZe
375,LecW4p23tRJwJJYqiBQLGxMDlJdaQ9cQylvDlDl_3Qtaj_9h
376,huucY3gEt7yZNaWcZUWMAYMg4xdbEAX-gPBYl7bgd9KSOlnm
377,kWno-0u59cOUwg_d8tjgya5WuxdYUgtUyg8NNb69OlAsdy13
378,TqQRnfdlCNu_36FssBY8k2EJ97AUPi4ZU3Y4Zt5H4DuSVaNV
379,YyXNHpAxhiNi1IsqlSEjEjIhDS2cqacf0J7cDolOC3GKC2Kj
380,YVf4QlA9H0TrTmUo54BXp3kV-GaEMa5C9mKPQK1ZPqXjkS80
381,zX91e8wqPnP0qV0rw9fdsDoAMmcYBmEMnve3YVpGSOp_vwFz
382,4nNl2rAjDtN_UM7zEpd11hG1ek-D6w2aSpTxQc-LHZhkZ4Jx
383,g_2gOAi8osvuMxufe28oqfvg2KQld41bIs2kKUKLjnufAhRH
384,j2R6RH1n7JvL3KUp36yx11L9pcWqFOqx2k3WtyvAX_-1qlPv
385,EA0GnEAvikyLZK1yTz2ipWLRUZoyuTb2PTU2_c0aW4C3K0qo
386,_0rN1oe9i6OAyPMdFV9uHKbcrg5e2xtQlMLVITKks7JKuhrl
387,kb1tVL58dH9uIKD6ZIvyhY_9wIlJGZQqpimr2xq15raJXSnj
388,8YXSz2B7nOzrUwSYczBoxXy0Ky46I6hRje0fsXWBVr2z-Zao
389,aa8P6Zu8ESYpTt67AS2myRJWY2scLfySlZKme2L8O26cy5dj
390,unkKfW6hviXs1ymHUhit_3i_YGZ6ZI5hSnEBkS8UlxIfMvsb
391,wpzbIsF_0J4WtBhCfXZcL1yu-QD2snQrm_DyDi0hiFN1ONrO
392,XpZxnNZeqATZ1VEdoQGVgZnkhTVFdqramcCKSoXBlrh2hk9r
393,YgUThkIrQFow-ewAEyshkiOJLOZvoTAddomDfXFJJkhKCNde
394,gtoVWv07YAt7CTiPmF8O3_LUkg-FcK1LHjIHxsgZYP5GIohR
395,VELVmt-1Xx9PFBGTv1akL6-eXWnSHSe0NvVN5QLiuawduiRA
396,JZtjqczGgwxCj-xuyzDj4rlL-3ZToS028hfTC2WtuWIdZyFU
397,GMp3rrfMuuxcVJkPGvlnYMHChbLljBXPiCH5uHPoZW465fSX
398,D9yDw4EBczmw_bVbjApXzx261-NhWc0zONdCTFzyMbRvkLxc
399,_ki6xwRxV2ZIyw8VKG2WGQHQ3gYbKwFoqUJoQBbNhq2VYrU8
400,Xp9IKNqMS6WW0R5Ne9EAw72rnoqgHcpd8IHnaVGh89rfvBTF
401,1e6e4bu9cj4aI3QkT8hx7nTpJj5zCvRsyalbDyCxSiSnanfD
402,aWmVjnZs5bbJzzpwXnnYrLPBXEF8_uMC_sGsPCcKh4KKk0pH
403,nedxLHQ87q2OhHcDdCi3vpL5QCnEwc16dIHdN40Vxy_pC4IL
404,75A-AB8bjrbTntpbks3f3CCqgLoBNQ_vzEKEOGlwQLleB25P
405,8SiF4E331FPQUVY3sPnRuJtBLVPZq8JiVV_GMQF44oUINkiN
406,vUWizk-8xNNj1acHP3ZI4MbMe25MuWyHnf9IVZUnEaL96xzG
407,5AlWIxyGOt5DaYL4arZ0AW74Iq34imgG07Fyl25Kk5FDd7yS
408,SdJ_rgv3sg6xCGqEWUZlLeEi3bSoljFkxVxgnJjBFYita8Uj
409,NC9wdHQozKscAfXqX7faeW0Wd9Zxta03pt3D6IbFW1gkVzmx
410,WNifkHn8j_MH4PeQBIMq3OMtavL2MIeUbn4YZrSPU2_kiJPe
411,5_qlZz42AfGEC2X8whKjDjmjFDdwv7i-ooryeLFrPsSsPEZX
412,L1NTdb9ahl4s4P6r0F0iYe_Tc-Hxth1JO2G8GVw-myjoPqDF
413,21F12MIDmPyKgjAwWihcn4x4-GljLm-w3bx1JLVTD1sjSTnh
414,CHwHctSdMoj3kGupuMXEBXksN_a2FJi8UXNlVMZfJo4fdoCC
415,2WyosGkpL6dq8Eoldnpj--JIej7wOtYqEk0Wz3WU3vLzhtC3
416,TmLmnqJmJMG3kD6IdMh_W7T5U64rfLGnZAC0A6t24f4fA662
417,4qYvPtvZ7Erk9DWMRAoiHqOUM8OvDntTqDO8pESpfdtXt8aD
418,UXC_vLFHcyHHPchaL7CCueziar2LnCgvWmLTkYov2wcqVw8x
419,NALdIG86E7EMGamOg3JtEvY93dBK12CImBKg_nhTPu-xs1KH
420,Sy0ZEqYjGhQpaj8D9k22WglIjbsuW5TqAnveE48zob2QI2SE
421,v0dwfB6yh3Xg2R1EpqPTaAB435ZfDYD7_vwMkGDZuy5dtMxQ
422,8g2hoVhFhzkknjroXh824WnL3vviod4KRdm7PQJ6jRHHcnyy
423,ahkxyx0iwDvdw-uuNzyRV0FOp9-ZZRxwUXNMOfcNIxmLpXjh
424,IWkefIvJ3xflJ4Xfp1f6yVCvxgTzwQM-W0Wo53Nj1sjgd3rR
425,RmNjtRCfTFj1-j9PDYElLdw27NqhKWcJnyY3RLEhtEMWteAg
426,sytpt7iIugxRXOxG2NrBI0ubEcBgK31GPkdMNWfDz4m5b7v9
427,BPjJNdDBf2UKzFLis7diT5Uw87EySWnoBdejXC1cJaIIc5bE
428,wDIhIVHzPqy_B9KwbktOy7GJszaT9x3y0OxZ9uzI7573z0u6
429,22zw9mfL1f2wb1heP4X4zDVX8Az6S7f5qUfdeXTc0a_S3p1U
430,-i7OWqLZodLM6KgYZsLCguz57tQ2pXqeuMZopRMJLud0-X-q
431,ijwbFat4ozWPpUahodSoHfXGgKJJ3sGsZuWKRG-gjFBvgKsd
432,0AhTPCopUsV-7x9WfdXWVUkY25Hu66BSMcag3DNPqco4f7ic
433,f0QeBy8ClXa9W9WUCgcKpUPkxoRLlS6YPF8tqFL9quKPBuiy
434,Qd_9Gii07H2mo9FkK2snQDExhtf7MbMIaKDszOoFqHT8lCpb
435,YV5AIHNZOnY09tFaNudAaWbkbwVqSvWpfJesjE4BoDn85XRB
436,hSlvRmS2J86ueNMWsQZwiFEpWp9jITn9pTQG3dbU3SpSQT7f
437,Kw8sFiyhWVVmWwyyIeZ3M_WB4ln49TmYKOIhJnwgUdZmK-xs
438,QstYOctmHE2z15f8MTHYPv6lvbUbQfCYg7Q3_cWmhChVjuCP
439,URSJLrnkfoZwLp7d4wAw_Q8uVCch8r-lLCG4pL85cnBK2_Mr
440,gZ5i0Dz9IdTKmdkGN-hbN_IXxrLaft8S0wMgtH1-r6gmDBy6
441,BTP7uukMTkjc7AWHizSXzSobFhqGVyCLxIXFRA0jy8oZREZW
442,WKk65fO2NWWTexEHvn0018xW385H3iMDkzwvp0G8WmXPMuO3
443,K-wqHVC6oPgBhyVPv4EvfFQXWyWhKpLZJrKGStDSvX-1yVkV
444,ZBKrfJQPN_9bP0jWsqspumN5ZRdOV1rnT1pfyUX0iljgzCrH
445,_ULpvZf7NoUNw7leSEAXtV3mk-qDXdJ7ga_Fa_2pseOaMDp8
446,W3McepG91mgEeQz8-TSDLBLQ-gGY2AjEBAegB9OOSeA9lc3u
447,_dCNkpKChwLJOOwtAK5Nq1DI9qwnL_qkKEIrEAVzSW5V-jgG
448,e9rl2rmXmn7YTj04klzuuLJ8TvtToH-8bHxhbQa12-fkvC3y
449,GLJRMs6-VyEUhvoye2TlaD8Qq1HQhBqmnvzxEpdCr9nXCE8Z
450,cJwKRWohKhe8zo7gaR_jo69LtKAlgJVososM_bIeSprl1xPn
451,x_cs3BdHxEGloIA-DUMd6vCCfAT-N8FUguDAim8lBX7utYq9
452,OueypI8gh6rdOpRtw9sgmjWmJQJJhklLpW89Fm0FDHe52hxG
453,jZCMSPKM3a5nsDTvJeMXaJjAV-e2Y3oJjnrL8tfESzGxmdX8
454,-DyscCjsFxBjVIhxiIoU1dw2ypYvUIk3Qmuq6q6H41GD
455,JYwXFios6TBIa_CxyyV3gjmw9X1QzSRy__Mgx_awldSOEpxS
456,p9CKbwf6C2NEXYXdSDztC37hTBNvx_ApWptYI9KXSfndJ7Qi
457,Dvt9jhGf5DMFe7OcjCpRwmKkNlw73JIEQ3mo0eCH9coEzeWd
458,fO0SftvQ9-_rArR2VD5R8yiCrQ31WL-kOuKvetePe8eMcwX4
459,9Rp3jgN7ROMT6IXAtdQRrPnx6kP2kmcZnq-kd6MxkpHOnvgq
460,qXnlSlJy0uq4IbFEa__JmJti0ArMfFxzH6nIm7XV5aNinD3G
461,W0QeFyp2LxmLNV9WNvyj3amVgR3FIQ2sNshWSb2kyl78W72y
462,9Pz1hB-lZUqRTfz5yd9uiKIyHDO9ahHtThDdmdZnqzgfHiZ2
463,3kYcwhGYovKK_f_9PVpeN5coiq8zRmOPc2gpKsA32r1odYI_
464,Wzr-UUgsZXK20DMGD3X7Qlv0kL7zO-abXjRu7pUWN3P4BuFJ
465,ZYCLriZyxkmrZgf9XZklUA89xX1oRZGhWDxLtD-xojOGEgfk
466,ozwP42LfHeaB-zZkzoYIjo9k1htXYbjzb8l6NIsLq7mkVQ2q
467,JFeB_bHwEQMNGl6RTLUYq7cMgIXFhY8ESr9M6l4AZE-zAC9G
468,vtT8DRW5leWAiLPTLjmUtR961adBf3mw4jqdbIEYM9G5x2cF
469,_f2_Wj4SwFeUDCBPFkMG9juvsqhgYTWJ3OS9MvDr2Kg6idIF
470,Q0v7pc9Mf5xTGC-xX0KvZlOxb8CZ-3UkLBtKJFcvZVy87q3a
471,NshjWQhz8LME-Q0Ly8Qfu9oONVJ2EsLxwnkaYBJjHOKchmuf
472,G73UUL-3xxBdvwiS4sEuDJCg5uzMNBJPyync2P8t_HVUDK9D
473,qiqpG6SNaKDH5pycfC7Fi5GRJmOGXX6y6vwZuAZMET6bvDGq
474,VDINvuzOMBeJazwsKbopV2Sq1vajx4L618-KNCJabRjniDkk
475,G_dDIdo6-QAeEh4IXT4rYThU5AO2fjmMV0IegyNrlzqAsjQx
476,DCSUPd6OGdNd_CkdUyicZ_aE0HrXk0ZYy1KsOrFVDG7l_54h
477,z5DWq2Ns-uwFpTz1mFkw-26w1jq7O426VVXNHrDZ76N89KsF
478,3FlRVhfNIqIKO_-F-t6IkEjAbkjBThzEAerD8dJbn0cncx_S
479,bv5VNh8I-Yfu8mJOxZGXaf4UhBnxZOG-6BfW7jnxPp9IAoic
480,mEi7zErPIEY6EHA9hDofZd5U8Cchw_r1oYnvJkWYUcQFT0Y7
481,kOxrQ8w26XpviaYbcXzbBcMylHx5fU6CW6y3l-N9a__o5KWU
482,YHwRp0F9Wp5XTmtwVJCVsMUSkCkGgKq9UJSRy3IP9G2ZZS_Q
483,PMyVizmirj7JUWS6mkK4w2IANCmmjSCHmv0hJyPLnW5BIbPA
484,VEQeurGdkjNDcqrce0Q1-9CPbuM9TizitMwrrOzwJkQn-Fy1
485,Vk0t2GfJyF_QmB8T7cBUEYpwCD6mbhK8YrLoi_GU9CTGKimd
486,qCVm3XLp3e-pDgvny9AWLmEbqRocEouupae3bfTfGXRRMNPQ
487,ok0jlst2etexw89SyGSPsSXo6u9Lr4qbRlvCx6qzisnDctzS
488,vN5C4MdwSbQSd3PJ65zww1Z-CQPirWGsWvJJvZUF1a6l_7Ki
489,gm7i_kmUgpfIzpPF93EBlCnX4zhb8CUBdzSTRB4Zkloklvul
490,MP2TSan8U_8H23f-0h1-cOXwb05uoB7rjl_o2kF7LyISoArY
491,6IE2vJEhiJmUJzZMPT2ad_A9Nw-VTM2JhkLQnjxBenOiXq1L
492,D4483Ab6srwS0nMB9p3F6OBA9YtS0OIRb1g25LUOmZqSvgYq
493,mWvQHJ_uyKIf8_5mvwUDN-vo3v-2hZP8YGyISxAj8uesvIyA
494,XY-DXIhh_pEa9Pn7D2AihVmJRrnX90I32LzyZ6s2LteTdmfm
495,w5B-z1KfTQ77036OVOGAuZhXBMehh9sSlbr_ibV254aDwt5x
496,ARB0Js0iDuwfMkESDhpDFQTQzYYRDsnfpZHi9sVOzYvcggDo
497,fOVE5jGYaAA21VtTzjt0_7j-xXD4N_5SBB2n4zITAm3f6C3_
498,wVnlrg-1WRPicekGYiQfrs_vuFN81OoEegBVDHMJDGXssXpx
499,_9H0Wom6eW4eRg7ql_petbtQTR5HMSyhiEDjoMHLVKMXiYyP
500,inMCmw35oafVWfdO2xYIGptiqCZm0lmQHCr_YwXdKgG_de3x
501,w1QFqAnT_o3I_yb_DlxF4e0mBXO82sOdRnuV1yDx5ult_Ydu
502,h7saCKrusze87N0lMB1v9oMYbryJ4-Njvx-9qqiW0f_TH0TY
503,e57M7QJiLo9L_WuwaWz7JyR4gfkxvni3skR6379NflqR8Nb5
504,LQ4N7-GgJEuA-TT0nEVnOehCxBuAoIHFLPZ9rCHcJprxBJge
505,MXucmKJOs3uYLjZG_ZQaWcPJXNZyNmN6EHbbLTfIMyecZ9pG
506,XZztY3-FYvGJxwqnr_MK2d_Q1AQC_qwM7ZLJQKmbW1lVOoLn
507,WD-iiLwHOpWkuBZdj782mjydQCf2m4hOxWz9-ZKmPx0zvos3
508,I8D4btemvHOrLkZAl0ML8jyqnuUHtSMvVKggNBCb4xRxQ9U5
509,oJgQMJp5lidQuZXILm2gQc_DhqkzaJxtEqEP5qZ8vBtXQYFB
510,4WDyZK2qQtDDQmr1DJd6beeiCjI39yKcFOx71oFqXDBfIS7M
511,z-yN4x1Yrs_pVOsMHgQr9U33SgDylKQ2dyl-mkn19AqFqyFC
512,FFN-uEPBqcLw-CRxtkhTuykC1bDGnotYTUdKBILh6HcLki_v
513,Mh3WjUka8onENYg-bv_BZI87aoi6qRQnNKpH9s3YAqpgKsqQ
514,6VE9XNjo2qkZb2QIhoPKpRuUR-QXY7dNeJHRctkhMBAVwVKE
515,gw7f5faKxUsC9RkPKqVXyCRv58IUP7x9SXz7NG_afBHbRGcx
516,TxLZWlkUfI2ffokvOyeP0EYiChqgSmYPkAoargs7_a3cIWQs
517,ZWs3TfkkmDiiRbAKKtR6kV7WbfV8XI6HgKIZQIWO_YpYULqi
518,oY8cJsahICWTFjC3nqV9Eyy6KhZ4M5Bah4T7cn6Pyvdn-d0r
519,fjyILBuFdoyBdKrklC6L4ZfRvJeyejDeJc1qSujziEyYe_HQ
520,ide2AuDUdnY2Ea2whDgMYhrSOGJoWEzqO1bAaAKmffM-lZkJ
521,_MXzjVBy_OkPiBj8xIqbhCW6qGnNXXR6Oyhtz3o3TVmEaObj
522,Q7--34_PGEAhgKoohP736Otk-sUXD1M6spIcbz_Zxqzjcwbp
523,vnKZLb1WhQ2C3E02ovhWCHqnDzH8fNZhMgdTcp3JWIDe1B-W
524,CiRqTOyx5jqvJBJ5I7Qt8jzR-ATuN_NpD-bUJ4KjQBJnivZA
525,QyWGknYgkrgJDnVJwR6SaHP7LgAhq4ZwzPSI2Rtal4bKeQEa
526,XPHsW0jV2qEyQV1jTC0zeThJ_6E4Z_kcj8ZZUxoTEEEqVrPV
527,AdYLlUI3d3FI2NzMaHdKVZ2-TY0DhF3Yw7pOD_At8x5mw6bJ
528,-ZIm1iGtBjUGkDKedPNdbI3oBbBrwVAWdEpYMxrh82J4gZ6F
529,RMD-IAIEA5Ywr-L7Hl6WjAl-6nMPLSdPa0w0vlZ3jpXJdk6J
530,sLPz9NnfvrSPMR3s4VipKda95LrfLzyJhYFxUdK9cz3__sRV
531,wWYUsTyNaziBRsPUBI9zpgIsuPlrou28q48M2QEnocoYY3Je
532,cJFa-PjSJbkmEHjGL6N06zdArr7NfisYrReh1X1SYLZ0ad6E
533,iFPEfmHMKdO53_57xuGkrZBQIpYtIur0XOcaynwC_BBBO_di
534,GEmJK1JnLq4FaAbfnW2tGDTPPLD6AJJAjvVGM75nWvm1m4xq
535,axWFd0jMxPrmdiLP7ulFlynz1QWAKHFJt7UKTRPR10cH3Dp4
536,tJe5C2IoXXB9uw7gdZJrxFv4EV0GdfLjCodsb-DZ1kQiI0BD
537,fc80nLTtpbfpvbGvcxjQ0y4Zn0xhJp6ZCIcyCip5TSCZoDb8
538,exe-hSqS4M8GEGKntP2cytqGHbeG4rNyu2znoypce7_hK-ee
539,qZw5v3x6muWq5mpQyNg5Xk_5l8mRIGcwSb5mxtHfFR5Phm0w
540,1pHg1u6BNEjjYmF1qgwsy53yPQIK2Vqrc8eYbn7vrFB9SQlV
541,QhQwIKPOLNIICJl1_ds3sfMUlAnN9BuyedSK0C4iMJ9E1max
542,zfRC4eowyV41eDbt-68u017cdYA1Ysgh540pj4R7pSgNnrgE
543,hCchsrfKcL3bjgA031td3Z9fgk7gyWQUzdamDLUx9ZTUMH_k
544,6PiVuNLXFYG7TqPc2QdGVAr4oOB4dR3-Tu7GSLBNFk-j7N3b
545,MXkW-kZculSKJlFDtXOQejQou1lAvbAIn_bEvmbGt5qoRYkD
546,aSzXvWTbjVGl3RVyyP2T2NhY51cHyg-3GAY_UvVEce3qhP_X
547,l32e1Jux30DsmA5jXzuSAFpcZlrDAxdKFGiADE0AUHupughh
548,PLMscXTDInjMBbtW78BtmeGU2K7ZsHhdp06tGxhz1PIT-4mY
549,RPBIGAO70cax19lkDdPRP3G1MbUlzCwX1dMVs2QVk00YYMGm
550,cGHmnP8EekREAk90718ouKttdJqFyH4f_k2iG_hP7zVjZq88
551,YYe5ofU24cRSZaxB8FiFKVBwO8T3Kh5zcLljYbMgA9qE0vdM
552,IXeZPuqCasyDGfMj8on-PuKuIywLxuZm14D-8hCzN8J3EDrv
553,WeMpmeWVSWCdBA4McXmGhBWKJ3U2BJfg29Vu3rNXuiYct8xW
554,gasiNLudyYk0Nxr7sPBYr3a3wnB1T2kiDs64oOwdk2GlK_al
555,h3XVcCmP_87ckuDZAj-ahzzyY2JIAzQV6aUR4s9OZdmsyzwK
556,xnY1_qPyHGL6Sm83MbcsT-c-67Gx79cDPKbTKW4Uz2Tw4dEL
557,Q2Vc1_RE00CKpaibWoXvn0_zDTEsRcHej2ESXcbi-_AVwbfi
558,7X8Lgbn0fXQcoCwdGPJVsBy_F9mhOfAtNXoW7m1Cx5AZccMS
559,Nhx2gwhr8NT7bGgfsEOz3Ka2Qcm5KFdQLfr0dTBK0Egw3NPI
560,hFwqGvI29i4LVOxLKFL1dgqh16It3WbCiuvx9IkdYgKm5hYs
561,BBbO7u-lOynqIvrP6nts8Sul1HFHvwmC1esCvURaGuPCtWCg
562,GHQ7HVaQtTnpOirskQ3ZefLIhnf8wQkvqxFNO7uqQEIvI33R
563,7DwhxK45D37jm3QNFNtnruNxAAUBLeOAhv5brSp_nbgijtFI
564,AM_GxnWe2wtzBof0tFVRjuzha2YD8KVdQKkEV4w7BmS07g_J
565,iUrfzQAI7flfdJ0YPuN1LUG7jsFNTbXIEiKzcQSArlMwuamZ
566,HGcjULCKnhdMT-xZ1rUWP0O-ady0jwVICQuTCSxyJv0bC01e
567,bTJj__RhTNNJ8EDaDA-uRPesBC_oskYosv7dn6ZBrJlMedqT
568,3pqdUWLLl5OI1HC_Sxy8wqPqQAu_nI_eknnVMlbDXNUhvpYg
569,QftVsfOUJU3CUrtbxLpp4Ey_Rrsk7uIUJFQWyFf-R55ue2ML
570,e-Tu6x9907zBGz20Nooatyol5-nO-n10vzsqNfLgXUufsCmn
571,s8Furnpa2Rh80ASM91D3zWFM2E6UM0Xr499LX-852O0IfS3M
572,HlE5zJT05XJQIuN4UwTg9uy43xH2YLmXUHoBd8nH9RHtOtmm
573,0YX0IKKG7ZDts5JhOIkJKzdYFIkCOMBdCci690NchnHA3xnx
574,dD3zp5qLoqwPWnPTqfFK6ljVNsdeqUzA67aV7vX4iYbGuYpW
575,DM1alpMBl3WYQMY0JOMfI6DR8-OKBqr4IZ4UAHmze7qBTAol
576,VgUkKeDzLe_uWyEbQJHM0dWGNcftv-7IlMhqECg58dh_XS4Y
577,ZTBjNAnkZX1EZpnwKCLa4rzXuZpNhF7gUEyYSIaCBhxizSFa
578,0PoO7rIaoyN72GgUA05N0C0VNFlKsUDMdpsqN9ITS-Y_nXC0
579,sMQbniy3cMwk3wtcRUHasorfHCWPx2z4Uqa9LVWrCNGG1oVt
580,BhRV8Bjgzv48X_qWom8NybG9tOnFumwefpeiqjo-YpyNcM5i
581,oc5PH5sNzR_AS6T9GMPvKqe8GNX6Tzj032TcjPPT3vARQxzL
582,OMOHHtzPXknu-XfS-J9L2AIPHlTSqTXNN6or3S1DYqST4n3k
583,DPdA3Xq7JIDRBgYQLAK8j2TcbXPJLz4XKHD8DDrkrvmqrOzi
584,Daz92dHYRShZswOyGXFpGf3qdPZdY446PMDoflcPa8VDvjU-
585,uzhd3j4I8MYlJjU9HLmhvSSLGdYURhpWl5bK8MDw5c6JP6FJ
586,H0FHrJNVXTJLQ7Pnq_TciPRB0vQUOp8Bx0mhp57Rr2YQUbui
587,R7hbnLpgqO8kYmaNIYo7ShlftXPuSknyzgdgBSq-qViDyydj
588,sT4dqLq0yaPy7wmMrCRcKS2EMKyb4WDSclwfUEW8hV4Xw5gW
589,Vr5Q0oIRCZBnImgCSQ_g2iRJEV48d6InlYI-KSue1gvj-kUe
590,vYuml656-vqQpCmeGCUHxFUoxgmGm9vsjPGZ-qCAxB9bgtfM
591,JTDIGogHNmKILILBZtM8bP3MxpjvbR9XqdtWnDL__TXpTyUX
592,bE7cgaWcrfL4sXeO0ld9Y5QIvBqRlvlCCrGsVGZ6FRa062Qv
593,62rOoQ6E-2WpyBZ1TTgbSE1iVfclMu6tnaLf2NiW1Ic5e-0o
594,DRSR1lkIaQOrYOlxpq1W_cHuQTr7wtYUilgR2jkdreYiQfe8
595,5NJHa0Ct3JNUV1dhfYJJuiCzrydx326ZDYByG-3UF00Y5Yqr
596,AcijqXS1LXgoGvVpKpjquqqYBevcWpe7QlFbYaIbm2gFxrDQ
597,tkkpR1VqbCucM2AjclHiIku6ZZs684jm0LWUugnmp63iUiXZ
598,nBifY7SJgGzgriYokwPNcXhvkVDP4Gjr-FaUC6uB_QesSKrr
599,QcT0eMcyY7nTRoI2mVGRFIzI3j8IghSOxYnqerHQWEa_d5z0
600,JJs67UiSSoFEsfcsUA-Ru0dyDkpHmeERP7K8Dt4PhID5p8wY
601,GSm8V3_zwGJ4Odvp5yAt4lOPqIUGHxYkiPPBbMGiT0q1RMcW
602,CeUS7XhrKVrhjevkzcSfJEAxlPyTz6gTCYRvYeSPRkXPJsEh
603,En7kBOufba5s72BRrPfNTEMou6HtrUEHxTJPY6I54D8vOB7r
604,zNiS-mnHWQRdsg8K5bV1UwZryIoq_McegG7lUW71r_vcyf84
605,RpdPpHSEAKr6iFaDgkgD31gkn2PGscueVT_HA7nscOMUyVTV
606,uRwnvFNkOf21v7bMMl1PNQJpauEvU2YzN9mhL-xPy1fPpBtf
607,Mbuev2nlbPwtrnIuev5DPKg0ze3QnMpc0FOG5K6T7NpztXyz
608,LkZu7pBddWlrD4vGBhNesJtUNPiJh-yv8_eyh28C2voB1XvA
609,x-4Vd1bEt4RjSAvLXMkdITejeMtot82zLP7JMZLD2HRPp6Ml
610,fYRQcQtz0zymvAPEJ6rt6HiHt8eQEjWSJQ7IgzfZi0WaxxBn
611,ooFjOV79hNu0kesFEscVinvFQL6yTwrD2BbExlknPPITT5Dd
612,HkuttBQtSmHoNATvD578K7_6Wna2d_TzfIKDk9IU9IENHTyB
613,ZXk_SmOKNXr6g-GZypdGDl1WO6FCfwW1H_xp5VYI5IdMQ2Vg
614,-KHqjlIw-eG96RKNU70PaO5rnxfjKE39jPh2TPq_6R3ulMwq
615,194JtDCoWTdzZl1nXwzNVWic-E3XsvZUKqe3JuWp9xUQ1hZG
616,3FLeRY_kBlGwI3qSsiOLf8HVEo0zMxPSciavTqK8H6oEyy9w
617,dpu9AXpFnez0zYEDUO65AMBdUWeZ2j5y8AuCvNrdec5GLzRM
618,yfNy5g2CPUP2i4OpTC2de-dCL94Ir9S2AHPJBg_awnOyX8bw
619,AonrBvx2qcSSVzE5IVfzsV8UKXYriwIjCFejDqD34IDBowrY
620,2Q45H40AyGTtwzG80ip8nZrgJjVsgeARpVFwKIo2yKvU0yqT
621,zXnOpEvc-RzCReDO7bYI8n6k4T4Lp2V1fVXV-WdoVCvIAE3_
622,FkFbST-WwI0Vu-0u1329Q8tBJQwdSV0VWssy7SzW66flw6Ar
623,PzviCZGYp_2ecRnLKBhyGBmUKIAGgZGHPTxLwdTTvqXJ_VLy
624,y66sKJB8iuBCsYi2P0Ld7ZU09eZxidFJ-3WkzHEaRcrlLgyx
625,KifJr6-J9GZIuPbx1E0lN3aOq-EbPln55ZpU-cUUmGC3btEH
626,4fLUQlDNk4xIMiGXVA07oS5LYvM6XqDIPz-kHm8_w5AB-p5K
627,bAOBMsc_fosOx1QcY6p5OSCHgJg5nQBoKY24hGTAsnWeM3a_
628,hai8vQSuW6TNnvnrcOP_sKq-xaedHJ38ZS5AIJf8iTWomzCQ
629,iw00IP6BgaamPFybzcJ6WPe_hFSTPKZH19p7XqqVjiQzXGO3
630,-JO5Vk0SEbfbf5k09kJDqmAcGbTPx6jMZPFvuRrUVFgZsv_y
631,d4TP4_Q9Eb5XhtNEiG9ikFk2AT00QlKKcqzG6UuiOsV_fDT8
632,lzQhzVZaoTqdCVvCxTCjbhngxcT4CNpDpxR6gWlsI21RQcjS
633,Vi48fz1OGLW3934fKVQcOMcm41B57Z17XW8hZivawPZ7lWzI
634,CODejY1xanXRjcozQHHp53mDkV_Bzh1P0GB2bA9L12XLPQnC
635,mfelFHEBMbkLysNKyH15so-0gDtC3wqtV1stLRXumDaLA6PS
636,0kevUSC4yoCS800p146axnZJHXR6pdaPvsWDkFz2-siz5CX3
637,_piyTlQXVDV1PkD4MLWQ9Ltn0rAD_C6N0M-WKM-9UBj5qtCY
638,DTMYUmiM4C_4j9rn6I1jO9vb9PRY-YlwWErYQi41fiyFMuo2
639,a-myJGAitA8zmBygVc85AYBdOnz8zlhTQzCGFac9qIYUNsoI
640,qIILsbdefODlfJyhUFzCCUTer48Xgf_BKlNTPPETX5RaNxTy
641,i3p4mEhmv-kpDaS6fY40rQ6O_mexeJQEH3ZaNgdF2tXlanpN
642,uEf1RE9h2VVwAoKjqhd2-f4yWr0O8t8OCWvcYurn1cUjoEJ5
643,tqDTdbd7NtCLiBfQZnzpaWp3JMyxCe6eblJcKuSfHk_E_Xre
644,aOL0Y6tH3pkPd2TGcnIKHw401yEnsq9wq8_b7f7imiReYmKb
645,1ByPwSy2lXhQ3hXF_Lc4EFXmXr1fBuMYDdAiuAxoog0M7iUz
646,TRyPnzEldbdQecA96kz9AssLYG-i7aXIlWbwHaK_xMMW850D
647,bcQcevfC10ulb9cPlB4XRpNFNSzV0DztVoWxggkUcVQhsalK
648,wZhb_baj43S57qQRvFIoa8v9iYeu9K1k0J6v27vL81tZCIT1
649,g8pkzIS6D8cbLOt2B1rcCuOqQQhDAaXZxsVr4phYi3T1XW88
650,WJQPL0LvPuI3sN8R2281GJELTXfIOeEy_yby2jGIbavr_-lg
651,o4wUwDEQB3LTRvUeeylf-od5EdhBQwASGdukapKVwUKkiyiT
652,sLxtSAINo3EfEWWpLjeUizlPDLrcd3zKdnYf51Nr4ckGrF8E
653,I8KluON_JNvCqc90z-dBar94gGKkEc9bQp42JCRDXr3VzAej
654,vOWFc5M7SMRi6IQJUVsTwol3aaJ7omcVPMt5tiHszsVq9Sl4
655,qHqxhLy9N9mFFHqVEAqQIKo1JuBk7WWStXJgpltofhzWjVfX
656,78sB2x2AYHQ-mMrRnL1osxIGjlPF-W84A6Z6Z0oeot7OVC3m
657,uMot_ZBlpuJoljfgkYLZGKdZ8zS6Fsvd8VW0Fc43lwvx-VJ8
658,Ox2Lbakdru3I-fVJt3kSou8RBGCNKWFXUdPpmYzo7VFCAGsD
659,n71LIgrSoh12gWcf5PRdmPIFT8TzA1C2GVsijoZNt7sfpo2w
660,zvoizAKLBSC3Vxd3C9F2qEzWc6IrNuisKeRDeLjtbesD5G7I
661,_xKh1OtKoTU0oT7SeKh-PPOU-o1EHSP_Tw4ElsXJ401XrUoE
662,gc1iWmqpHc74kOqd_0bGLdIXvRnBoMX_0m2nN9ylPTE-EAkl
663,ekqttbFm1clhfnSdnZCVSpzGrJI0t1QHtu3vP6aIv910tYfl
664,LwplxQggMYfCGpaYZO5g-zDUbHyp3DHtdJYxiTdd3P3z3eE_
665,xJSc4u2hnhQCmjTiJ2pRzP2JQV6yQpKt-Alo51AKkdHXxPCG
666,Gh6AnoD2JyoTCzEZ_uL6XMwR8UlbUlMsh91ZV0wM6MmnLngZ
667,LRs_Im0jvsLw8lKsj9-7ugteedEu-j7MB3jBdLPLBVNRyjeX
668,pNmjPhhDZwyoF1Q5-loKubn3Ns8rGGa6PdfLy4D6VaY__-Yd
669,omiSgg2D8hQnMay0eOkdW3iwvCiDhmaCZ3ofISkTk8cJN-u4
670,Fbo6KQVWxu-YDNqy3g3oul20oHe7zfqcB_gwWe09lgfnv1vB
671,CC2cGs51hoY4lNMByBQkL5t-xXW4JRrC12rkdwTbkjkmxExP
672,LaOz10XHubmTs7vVACZA2GFOxXYvScLQi5CA3Z17dBmo5mXn
673,pR-qjT16NauSiDm6_GkLbiTZzc6pYfagnvG0rercVzf-8GIf
674,7eFQfHqL2BPzMEt4NaUQolXxfHuk1uFx9wlCXtmc-4E9JOmL
675,3rcD7E8ah7QuU5l7V0lgHuuS7TVW8bH51PMUCs9si4nSJotB
676,U9sdYkTl0joD9ieaLYzRzTWb6QSJQpZFlnTLdAvTcaFi9hh5
677,G7oQu2RU3Tm8eassnF7EGf0v_oDZlxYoSvrUFanz7cWBR8Za
678,JLrTkkXf_Z3Dekc1TCoJ5evDxfcEziqkCC4UlKHSPFgbhfbX
679,DytoJ9YkbYJqOJAwuQUbTJzrlX2EPzcFSMAEKPoSVdnzYUtI
680,5d_HTILi4mQNrBsRZVXr-Dv8vEpZVfYwyq1cIUSOL1N73kcr
681,i-IyQoNl_-BZDM5ZuiP--lenbV5zdhS77LzF15U0ds1B0pot
682,1CqdnDutMxtbuPJxKg3327ZR2ZjeBXEf-Dkr-_z2Tz2p75_J
683,Wjl9CFZMo3wOGiQbqm5kM_7b2m20I_438NRN1SqEfEGA3zDO
684,0m4dtX_z3k3EMI-5pfxePq4eeoRU83L3UHtyK4d4J1ZvGMdc
685,nZmvAGyRK-fS_95HJyqR7_kASVu6BFEEHqH3W5O5QJL2Lv1r
686,ZshJ3z9a6y98PuhnSgq6wjfcN1KVGvSFDxSQQ6ZABFI-oN2y
687,aIpFNEufdZ17cSqkPV_bjvvxAdRpVm75N8AFaA1ItBTqwQ5A
688,2zdTJ5H61GN0ogMivarVO10-omETR9_9Ybn06KUm_KfhM37Q
689,VRd_M1hqPPFm-13nd2XNrb83bLyXqkUCTNLaz8TfhtQ1R4Ap
690,Gknx46mQZv1FsAya11Wj84Jc5dcVjUr-kjpkbbzoX2rfGMHE
691,yUzlwrY9i3ZRXcEYidUc1GObe0fOSCNrF6I39BuhItFdIBCm
692,uAR87pqbR8r4E-7YNv6GpDKSi28qJsp1GS8PLIwIv7gNHZc6
693,4ugBDXRtXtgUHv5oo8Pz-vjOC6GHZo4-yWkfE7fD8hXxGuEZ
694,S9ZBls_1Mp7JQSnbZ7f6fqaQrqQlIMaCdcm8050Pb2Vvj6Sp
695,kRL96j55GZsk1FJy7XijhOZTaOUoIyoLFL6mBFVtHve1eOWE
696,uab5t8CLqM6U3flTyo0QwoRZTQz78L9fuVDpo1Sp6nKKAcQV
697,chg0RneW3k1KJuP_ZOtYQ7FP2Pysj4kya06BgqsiYuOkUTDC
698,eY6wfz5CUE-zx7fuFabN2kPSPy6tMn5ijMBv3mn_F-oi6ify
699,IdchEPIoo0d-zR8teUZT2VEpSTpA6gQM3uW1vNFZTERZx8TQ
700,1kjEVzsNvJHTfs-e8MtCy3ixsTrA6DuJS4bNo10HErXm4kbL
701,HOg_lVeM95wMH48i5__0KMj29g1VkUEX3lf_KMeOrWo7Vk3N
702,I5PE0Hp66-DoPI-jSFnz6HfdNO1eSuOPNbuCEHhAQ39M2BJD
703,9q964R4aDvyAEuQZdIiL6sGPLvJmknzSmrSjpKYdpEjbpEsL
704,A-h42buMf1OGfgDG5Rh5bkiJeqOlQAluGlbJ6cK8FEtxvNuP
705,Ue8woCVJkUaQfT2ewjuv5XSOImWpQNwFVHbqKPGt6leHalWX
706,tMflwFU7kr94yWwxrlT8vNrhyyOPcyti31BQxzHvB1Ms
707,wZ-jCYZfuSkzlZ-8r9UnJLQeLYaukaIiyhZL3fkxwDQiE39Y
708,RAGVn92WIYeZMoFHS6gcseB4WIOzjBNm_XJ8_EyQbue0bKmd
709,JUi3pcQGY2KgqFox_etNljBjJlRdS2CJibzISWLtNXXLUpJB
710,N_qr3EHf960rxDzYGKXUXXdjwp3Xh0CZvr6O0uIF9U904UVk
711,cVHaLs7v6nAB7rfYibQoR-zkxc-feIBGQujKq8OeuT0EgAJo
712,uNUYCSICrwy7cqNzr4r7S0RCvtccwUN7G95MakqoXR-4KhJn
713,C6rU4UHSjr8_7Ne0NRxYITpxhyOMu_KI-DclHNG4O1Bp8_sB
714,doBLY_Brsc2H6784jTudNYHhJRuSZLI__z8F0WyjqN_CSkhX
715,Hl6RiLuCYR3G2mWFvp-t_75igQbzEl1sWjeWvScBZpwMgPw6
716,lb-OXa35sP8JjM1fNXUrfOK4XxnKzuNmXWEaB4Sls4zaocQM
717,BYxeqEbDyU5CrzxKwTBm89v8ep5uz2UeKt2sAbMxrRXjcYXF
718,sa9PcvUzpkTTDbNytQCcjHDN3uDcd909-67VQMYIe3sIOswP
719,kssv7Cw1Ga31R3S_dUPq_QEIvSpkLr1_rNT7vPXUM6sWbLzh
720,u_nr0x4sp4fcldrYY5n_UFSwCwQg5Bs66CWfnJt1M3Ua6Yw1
721,XJ9CfRS-kwgylx47nqijuf4Rkm7A_nxGAqSis4wOc8pgD9fS
722,bFgjRGEQLJBy-_-aYH-k9mGrKJORUzdookVbghKlCzMzYFd8
723,VbpeRbAYbHYSyn9BT9OKMliUmIiEr8L5eHJzagvrI7bXupKN
724,ReL3oGwERkQ6qRjFawbsmbzswGgfQc5AuUcKU4bZ8y1BHYE0
725,aL-cbm_Pus4FPDL5HNJlvBn9nJHaAZfg0ZAb9U_cvRiyynlX
726,h_m09Gmrbdot4-rqdW6rIhMCyliX1F5ANpTZ0JyshZRAxh9n
727,OCfv52g9LamuY2ByN1jFGdDenCGS3IYiN04TLXF2IRGxSnXT
728,eldpJ9ZL_qsPf2ap9PFC1YoxHosLbifjFMUy_tuQ91KDxluC
729,OMCBu9jkLkVHW08CBsX8Aheiy1nynlgeOsRw7U3nZaTQLqpH
730,u7Eqxup5EwUkeVtcv0Rf8OcMIaNJzus8Tp-w4FKCUDvP__-v
731,KK3bBragknYFQUnYj1y4p1at4oy0G9DHLondR-JDMQJ12N-n
732,r2g0wg0N8kmzZr5Wr9_doduwkp8EQkQitpG-TdwQ63Y8crf0
733,B6zitlsPT4BvBh-M_fkuPhAP99vEIhkgxF40pu-cJ6UNRSds
734,lFABfz_rPTDGQ0qt-H8-kQwl8SLT66YUNVkxaOeQxYWAt8mN
735,pem6o85eqssnhqTSwYf-X517cYtTb4EAJeaZ43TeVdelth42
736,kEET0L5xIkkqiaYKiMTp0oIJWS1unPgvKsP5BfhvIxmznQ_B
737,rSqQgcjQSkyP7j63Y8HaOhqXJ05_oWltQ_fMzjXPbi0iSzIA
738,Nd60_Pzh85_81zE_f0UvTi_3BBJeUO2gb5-3yhyTOIlrQn3p
739,OOURKmfUcGYNsP8NjvCAtXF8kYWwh8dW4VCy07iCV5gjm9nG
740,g-8TAYYSB73XhB1Z5xmea4ccoYlP4eMbRFyujTmW5B_ce2yS
741,Pv7hn858NrDQYGmR35sAxSoHn8wZIwtktAGRKru1-NlJQ1JC
742,kjn3Eg01fVT8BkaqorgGIPV4Dw0mX2YL5Go7VlE2D9-GFEVY
743,G-9GScDa9fWkTErLZMfavsUO4NAsNixBcGhW2JeeMeAncSPT
744,KGPKVCH30Xi7mWRYBB5oA4KmRmGfsUKdF6d6tHr1If6GZf1g
745,dh9n6Ntn3_h2znwk0d2b3_YvUXQMK0orYxOl7WAm6ocGP_6s
746,uK0jwVWoz7yORKRMt0Rd3d1ftuqlYdzt-YZ8OTPC6eWcO-FI
747,vZTExfDLu0VmVbK9gqzrKBgTrsKa_vD12KMvWluxR1NWYx0h
748,Kn2yLmu_cTEKvsNuuItS-RRw_pPpZQy82jXFmhYtnx-HzPMH
749,ed3_6fdUEqHP22QmhTu5rhHHGGsq-hf5WxKOLUUvWWsh-rND
750,8DZfRDja6o1xiCDP1tZ1_d3E27ZfhqPHsR3XJw4wwl5cc1Fe
751,7FGN_lHcjBVYzoagO1dKX_9eyPoAhchmr9LiE8fwmnP8eto6
752,gsfPg0ZgL9hRlSdP2JmuBHHjOqUtKpFx7n8bOBDZjUHLGfwI
753,rGDzYvugVYIwiczvcuadglwM1xfR4vzEUjRFHWh9kxHc0x1t
754,icIF-mtO1-hPPTo7Gj6FG32y6lWooRbQch-0WleBWcuYOwn_
755,lupH_QxpTelTZuX5qsmKVwONvMRHITfXFAiIntP3gh-fb5BG
756,e0rvBthV5SdtvC_M1qit2q8nC9twBqAnPty90KbHfFmvqXcw
757,zelGAGG5SwRtloQ0s0ThJvLswKGi4H83j1xm7ktAHtZHCI4x
758,hF_FgstFZ454fp4GYtYQsxJj-LqUKaBEgViFSYqzLB4i_h5-
759,jGAvZb9reOnhET1OIEwStwV6jd3FH8m6gnwA4hup70pwuJFM
760,GN3RYCphIC5FdLrPao3J-24NWBzjGgmEpYMScNjDF_zojA08
761,tcQnqZStg6vnZfBPnhrav7SnT00tvFwN4DOX1ML8h5wtmFhL
762,zQaBEYq-GXBXrRw410LtObyAL2tNDDKUuOO53o8q3E5O_yEE
763,fo5ZMMaLSO_phuUIqUP7nkz8M73-Aj7EJKE5t0mcHBH2Gki3
764,nmTHw7FDF33QsbSMjcGkStWg-mtVaum7yilIbJ_e79QoF-EB
765,7KOIvYTdD374roxW-eS7R5bEJBTRpgCt7dw0b8X3-ia8tHqz
766,hn8L1LBM0QCuQEJZ9rldRkNJSaFkbiSnNVDTD70ls-b9KeY8
767,NL9lPnf6eVbYoCxu3mzkMVIzVkxx7vo5KibVFjfA-ILOKwPy
768,lhkgaCe2vom1T7Uq9xF8jrpc5-0Rq2Y9ZwDJkJkljk8FWRsw
769,VBs30oeQfPvoNEcPb_r9uJGrTcyLsvgISRE0LyLb8xx0xaEu
770,EXFoZfv97nY0k4xcEi4lEbrDAdiQMEmQu6b9b-9ecUfkb-q3
771,6XfsT_GkHG9lI03d2-pfcj_zic9b2Wh9-l3Etc_453NdOcEY
772,a9YLrWI6SeXys3tvkX1c2M9aRUyC8zMjW8O91ezTa6YMknoL
773,7-NPudWfxxwB3M47p5wJ_xuQnlTBZE8Q_QM5kRoQNBqnOiwg
774,GVrRAa5XYnGC-lZbTF_4H-HuJTu1sxhtBFc6VnIuGzJedXmJ
775,3lKmumRD_L3f0lPzQfc0a2qsWWMEwg1mqU7WNJlaEbHPB487
776,97WDmepn8RiN-K9wq4gU5h_1pAVeCb61QvE9FbAG9dGy2Bp8
777,z1fHmad0mPPHle1ILYKXN-sUBl11Hm2LdeUtkixp5nWkyiPN
778,ddAsmmI9GJBz1zT4ba48R2vmIfyMtV1moIh93SQ1LKg5mSkF
779,nlx_CzG0sJnPwKK4dV2UiciM_rKOPH1HliSK_L18Qp5rWXiv
780,47edXaz-s6f5Do2eOsDW8W7yv3xPFYgAa_bKwLzBhAefisPs
781,GTcsxYZIVDVKtjq0M2SY19oSRc2WvwEtczmBXGV-F11eJApi
782,VJU6a2ntvNGk0pEW3_KrPLch13nw-5jCfjntqfsKe8eQ0QlZ
783,1eaVK4lPWMWkrCoiHlgTBE5aJHa4yp15zD6ghsqVezMIQj3J
784,DtR5RWC1bhzZO9QG6DL1FCZkrQApKMOzVbq1T3gc1grmDGGv
785,knELDbamcRQ5wVQKNUGsLr1d7JLrBgV3ejjaLgZsWbmo1xTO
786,UYFqHC2UhIJscCkc00QXOjCPW58AmlSibYSZjgX5859BGwzL
787,39-APqQS1ucjdNCbSZw-xumu5Bx0NpqbEGTgxmnx56vLQHd3
788,-MkwdkbngOt0hp4Hvtay_0gA41yn1_rhhq1zD6hy0RVD5RUQ
789,6gya5P_Jpf-bI5kyFeSoRI3ggGV43u0WtCQ8BGUuhv6CvVTw
790,FuHyOsgYFc--NCJTEtgUftkYZkUKkV84hT-XjLjqxuualT52
791,-5PXwZU2smjZkB_9BjoxV8ZfggfRPIuz_3vTm-gGYXk4H4gG
792,XNR6h5DUjO9EaNf0XID9RBwM5ewyl0-lvYx1m-kCBcQv500U
793,HoYl6EkftOhDGxLdjRu0VbY8kk0OWDvf8cseWRm8OIW5SAUf
794,1hk0rA3wTHsUD-oWrnwDFjUoCz1JKcHbSDnoHMelzypyBxsl
795,SF3R2Co1kYBh20UowQbJCjY9qFiZO0KpPLP9lvz4zOH_sdVG
796,ZOc9V6gSHhDcDelk2KIZMcRRs1sUUj-cDBw2D4nCyLUdpdsj
797,p89ImezYz7_CVwk3RizInVpMkKj_oKZNvcyD_92kzO0QtROp
798,X02eOOHLk33lDwbdGN4Kkg7g-Jb4uGrzLP-cIdeTU7V_yVdm
799,6M7uUT18-L00OCTlFkzoFIS5Z77lNNQ_wFTXHzVBTqTvOiuR
800,kPjP_5e-kqxJteinnqMIGt7-kqhIa8wSYgNWU6Y-tq9rhaB6
801,NXH2zmOzd-wBHiGZsFPKIwP_m2gXTUz0w_ayV3OR1qtrTg0X
802,geXxHmfp1XDuok7pXN2NZjwbfXYr5zRcNStFyWcuwAIFj6CV
803,B9jkTaRAx_zyB5wXbRBTLfmpoXNWtuj1JvZgt9RNrCXyCIaU
804,snrV8Ju4VToqMbOFf5lWVz-4f7Lpbr5Vvvhf7o1-hY1RqCtr
805,c9xNq_G_xBBxL1QW-W0unUm1SWwdLEt4_6buLfKziMtJkdnx
806,H59-ZJDCX1cp37sY15g25ERLB0CdhwYi35IFBU5_dZz9grvJ
807,ncngKi-kBCwlyBDWAvFms7KU8bBHwtvcbC4v7yU4fXq3gIO5
808,-4tWhOZzXPY2-5OUlPj32hELcRdpRw1apaUTef_liAtZXRN_
809,1SR6DQccDQvmlXyw0v2buQJoE9GBZK_f18E41MZYQpxfu2lo
810,PuBNwpcalyogS5HhLJ8h9hfvR9Zh-_U2PzygwXG3S5eGxdRN
811,T9sStbf7ZzDOUkM3Gpmkpmack66Pk62FouU6CMYe_pz7Pm9F
812,8eCBOED56rW66EzUwMh7MpRYm7WjQ6BO0T9Vpy96B89Bwv3b
813,EO5KdM8QSu39vZT1mkx_ISbypPyPmVxztYzdrdlTSiAa1cFi
814,xuBzs2pu4T-hUf71YVO4zhqzBQ91b325i5Y0ak3J-o0CgdKS
815,qYUkbrsXmsjEHNRlMEzu55iM21LP7y17lpGfR5Kw9IQQQEPV
816,YOnkR3EhJgI4Ts97_-S3AsJNSLk9837aLNk8pg12OgsyZJqC
817,vk05Nta6ZUulnZqnqK7FOXa4M9LOILSYzGDtBhG7ojg2BeWt
818,jdYJupfrnS5f7TQZjHBGkAP0u3HrptxdqiHOM2Rqegv2bDJi
819,pa426gV1ahOYZGlNBSZkgS_2IpTAX0iVtROEjME7dKmg5OZk
